,Player,matches,runs,boundaries,balls_faced,wickets,balls_bowled,runs_conceded,batting_avg,batting_strike_rate,boundaries_percent,bowling_economy,bowling_avg,bowling_strike_rate,catches,stumpings
0,A Ashish Reddy,28,280,31,196,18,270,400,10,142.86,15.82,8.89,22.22,15,8,0
1,A Badoni,11,161,18,139,2,12,12,14.64,115.83,12.95,6,6,6,8,0
2,A Chandila,12,4,0,7,11,234,245,0.33,57.14,0,6.28,22.27,21.27,2,0
3,A Chopra,6,53,7,75,0,0,0,8.83,70.67,9.33,0,0,0,2,0
4,A Choudhary,5,25,2,20,5,108,144,5,125,10,8,28.8,21.6,0,0
5,A Dananjaya,1,4,0,5,0,25,47,4,80,0,11.28,470000,250000,0,0
6,A Flintoff,3,62,7,57,2,66,106,20.67,108.77,12.28,9.64,53,33,3,0
7,A Kumble,42,35,3,49,45,983,1089,0.83,71.43,6.12,6.65,24.2,21.84,9,0
8,A Manohar,7,108,17,79,0,0,0,15.43,136.71,21.52,0,0,0,4,0
9,A Mishra,154,362,34,410,166,3317,4022,2.35,88.29,8.29,7.28,24.23,19.98,18,0
10,A Mithun,16,34,5,26,7,312,477,2.12,130.77,19.23,9.17,68.14,44.57,7,0
11,A Mukund,2,19,1,23,0,0,0,9.5,82.61,4.35,0,0,0,3,0
12,A Nehra,88,41,4,63,106,1974,2537,0.47,65.08,6.35,7.71,23.93,18.62,17,0
13,A Nortje,30,8,0,13,43,706,946,0.27,61.54,0,8.04,22,16.42,7,0
14,A Singh,23,2,0,10,28,486,639,0.09,20,0,7.89,22.82,17.36,1,0
15,A Symonds,36,974,115,781,20,540,694,27.06,124.71,14.72,7.71,34.7,27,20,0
16,A Tomar,1,4,1,8,0,0,0,4,50,12.5,0,0,0,0,0
17,A Uniyal,2,4,0,7,2,38,67,2,57.14,0,10.58,33.5,19,0,0
18,A Zampa,14,5,1,8,21,292,373,0.36,62.5,12.5,7.66,17.76,13.9,1,0
19,AA Bilakhia,7,69,5,88,0,0,0,9.86,78.41,5.68,0,0,0,1,0
20,AA Chavan,13,12,2,11,8,255,339,0.92,109.09,18.18,7.98,42.37,31.87,3,0
21,AA Jhunjhunwala,18,217,24,218,1,88,130,12.06,99.54,11.01,8.86,129.99,87.99,10,0
22,AA Noffke,1,9,1,12,1,25,41,9,75,8.33,9.84,41,25,0,0
23,AB Agarkar,42,179,18,160,29,820,1174,4.26,111.87,11.25,8.59,40.48,28.28,4,0
24,AB Barath,3,42,6,43,0,0,0,14,97.67,13.95,0,0,0,0,0
25,AB Dinda,76,26,2,50,69,1589,2103,0.34,52,4,7.94,30.48,23.03,7,0
26,AB McDonald,10,123,13,103,11,188,263,12.3,119.42,12.62,8.39,23.91,17.09,0,0
27,AB de Villiers,170,5181,667,3487,0,0,0,30.48,148.58,19.13,0,0,0,120,8
28,AC Blizzard,7,120,23,91,0,0,0,17.14,131.87,25.27,0,0,0,4,0
29,AC Gilchrist,80,2069,331,1555,1,1,0,25.86,133.05,21.29,0,0,1,51,16
30,AC Thomas,15,20,2,19,14,327,416,1.33,105.26,10.53,7.63,29.71,23.36,3,0
31,AC Voges,8,181,18,143,0,56,76,22.62,126.57,12.59,8.14,760000,560000,1,0
32,AD Hales,6,148,19,119,0,0,0,24.67,124.37,15.97,0,0,0,2,0
33,AD Mascarenhas,13,79,6,79,19,310,365,6.08,100,7.59,7.06,19.21,16.32,2,0
34,AD Mathews,46,724,73,599,27,807,1095,15.74,120.87,12.19,8.14,40.56,29.89,19,0
35,AD Nath,10,90,9,99,0,0,0,9,90.91,9.09,0,0,0,2,0
36,AD Russell,95,2039,313,1212,89,1484,2214,21.46,168.23,25.83,8.95,24.88,16.67,23,0
37,AF Milne,10,23,1,31,7,217,339,2.3,74.19,3.23,9.37,48.43,31,7,0
38,AG Murtaza,12,10,1,14,9,269,322,0.83,71.43,7.14,7.18,35.78,29.89,3,0
39,AG Paunikar,5,49,9,61,0,0,0,9.8,80.33,14.75,0,0,0,1,0
40,AJ Finch,90,2092,292,1696,1,44,67,23.24,123.35,17.22,9.14,66.99,44,29,0
41,AJ Turner,4,3,0,11,0,0,0,0.75,27.27,0,0,0,0,0,0
42,AJ Tye,30,91,11,79,42,714,1005,3.03,115.19,13.92,8.45,23.93,17,7,0
43,AK Markram,19,527,60,400,1,61,87,27.74,131.75,15,8.56,86.99,60.99,9,0
44,AL Menaria,25,401,42,367,3,113,144,16.04,109.26,11.44,7.65,48,37.67,4,0
45,AM Nayar,51,672,75,588,9,239,323,13.18,114.29,12.76,8.11,35.89,26.56,13,0
46,AM Rahane,148,4074,511,3465,1,6,5,27.53,117.58,14.75,5,5,6,63,0
47,AN Ahmed,17,36,5,27,12,362,515,2.12,133.33,18.52,8.54,42.92,30.17,2,0
48,AN Ghosh,2,7,1,8,0,0,0,3.5,87.5,12.5,0,0,0,1,0
49,AP Dole,3,34,4,23,5,73,114,11.33,147.83,17.39,9.37,22.8,14.6,2,0
50,AP Majumdar,4,87,9,77,0,0,0,21.75,112.99,11.69,0,0,0,0,0
51,AP Tare,27,339,51,285,0,0,0,12.56,118.95,17.89,0,0,0,3,6
52,AR Bawne,1,12,1,12,0,0,0,12,100,8.33,0,0,0,0,0
53,AR Patel,122,1135,121,919,101,2599,3140,9.3,123.5,13.17,7.25,31.09,25.73,51,0
54,AS Joseph,12,20,2,20,13,240,358,1.67,100,10,8.95,27.54,18.46,1,0
55,AS Rajpoot,29,26,3,41,24,567,844,0.9,63.41,7.32,8.93,35.17,23.62,3,0
56,AS Raut,17,194,20,172,0,30,45,11.41,112.79,11.63,9,450000,300000,10,0
57,AS Roy,3,0,0,2,2,57,66,0,0,0,6.95,33,28.5,5,0
58,AS Yadav,6,49,7,40,0,0,0,8.17,122.5,17.5,0,0,0,1,0
59,AT Carey,3,32,1,29,0,0,0,10.67,110.34,3.45,0,0,0,2,0
60,AT Rayudu,173,4190,513,3375,0,0,0,24.22,124.15,15.2,0,0,0,62,2
61,AUK Pathan,7,39,7,26,0,41,63,5.57,150,26.92,9.22,630000,410000,2,0
62,Abdul Samad,19,228,26,164,2,55,113,12,139.02,15.85,12.33,56.5,27.5,14,0
63,Abdur Razzak,1,0,0,2,0,14,29,0,0,0,12.43,290000,140000,0,0
64,Abhishek Sharma,36,667,89,511,7,161,218,18.53,130.53,17.42,8.12,31.14,23,6,0
65,Akash Deep,5,0,0,2,5,119,206,0,0,0,10.39,41.2,23.8,1,0
66,Aman Hakim Khan,1,5,1,3,0,6,13,5,166.67,33.33,13,130000,60000,0,0
67,Anirudh Singh,4,63,7,69,0,0,0,15.75,91.3,10.14,0,0,0,3,0
68,Ankit Sharma,21,87,11,69,12,375,453,4.14,126.09,15.94,7.25,37.75,31.25,4,0
69,Ankit Soni,6,7,1,9,2,112,145,1.17,77.78,11.11,7.77,72.5,56,1,0
70,Anmolpreet Singh,3,29,4,27,0,0,0,9.67,107.41,14.81,0,0,0,1,0
71,Anuj Rawat,9,129,17,124,0,0,0,14.33,104.03,13.71,0,0,0,10,0
72,Anureet Singh,22,36,3,47,18,430,636,1.64,76.6,6.38,8.87,35.33,23.89,5,0
73,Arshdeep Singh,37,23,3,36,40,803,1086,0.62,63.89,8.33,8.11,27.15,20.07,6,0
74,Avesh Khan,38,31,5,19,47,868,1190,0.82,163.16,26.32,8.23,25.32,18.47,6,0
75,Azhar Mahmood,23,388,52,311,29,552,707,16.87,124.76,16.72,7.68,24.38,19.03,7,0
76,B Akhil,15,76,10,57,6,193,246,5.07,133.33,17.54,7.65,41,32.17,3,0
77,B Chipli,21,280,35,256,0,6,20,13.33,109.38,13.67,20,200000,60000,4,0
78,B Indrajith,3,21,2,31,0,0,0,7,67.74,6.45,0,0,0,1,0
79,B Kumar,146,241,26,259,154,3384,4064,1.65,93.05,10.04,7.21,26.39,21.97,24,0
80,B Laughlin,9,5,0,13,10,179,284,0.56,38.46,0,9.52,28.4,17.9,1,0
81,B Lee,38,124,16,102,25,916,1126,3.26,121.57,15.69,7.38,45.04,36.64,8,0
82,B Sai Sudharsan,5,145,17,118,0,0,0,29,122.88,14.41,0,0,0,1,0
83,B Stanlake,6,5,1,2,7,150,200,0.83,250,50,8,28.57,21.43,1,0
84,B Sumanth,4,35,3,38,0,0,0,8.75,92.11,7.89,0,0,0,4,0
85,BA Bhatt,15,6,1,7,12,303,408,0.4,85.71,14.29,8.08,34,25.25,0,0
86,BA Stokes,43,920,111,703,28,717,1005,21.4,130.87,15.79,8.41,35.89,25.61,21,0
87,BAW Mendis,10,3,0,6,8,248,306,0.3,50,0,7.4,38.25,31,1,0
88,BB McCullum,109,2882,423,2272,0,0,0,26.44,126.85,18.62,0,0,0,38,6
89,BB Samantray,8,125,15,116,0,0,0,15.62,107.76,12.93,0,0,0,3,0
90,BB Sran,24,10,0,14,18,516,767,0.42,71.43,0,8.92,42.61,28.67,4,0
91,BCJ Cutting,21,238,34,146,10,288,430,11.33,163.01,23.29,8.96,43,28.8,10,0
92,BE Hendricks,7,1,0,3,9,157,239,0.14,33.33,0,9.13,26.56,17.44,3,0
93,BJ Haddin,1,18,3,11,0,0,0,18,163.64,27.27,0,0,0,0,0
94,BJ Hodge,63,1400,165,1153,17,238,310,22.22,121.42,14.31,7.82,18.24,14,22,0
95,BJ Rohrer,8,193,26,146,0,7,12,24.12,132.19,17.81,10.29,120000,70000,3,0
96,BMAJ Mendis,3,23,0,27,1,30,36,7.67,85.19,0,7.2,36,30,2,0
97,BR Dunk,3,40,7,36,0,0,0,13.33,111.11,19.44,0,0,0,4,0
98,Basil Thampi,25,32,2,37,22,539,862,1.28,86.49,5.41,9.6,39.18,24.5,4,0
99,Bipul Sharma,29,187,20,124,17,436,581,6.45,150.81,16.13,8,34.18,25.65,7,0
100,C Madan,1,15,3,21,0,0,0,15,71.43,14.29,0,0,0,0,0
101,C Munro,12,177,27,144,0,12,15,14.75,122.92,18.75,7.5,150000,120000,4,0
102,C Nanda,3,0,0,1,2,50,58,0,0,0,6.96,29,25,0,0
103,C Sakariya,17,16,2,25,17,405,521,0.94,64,8,7.72,30.65,23.82,6,0
104,C de Grandhomme,25,303,36,229,6,230,323,12.12,132.31,15.72,8.43,53.83,38.33,6,0
105,CA Ingram,15,205,27,183,0,0,0,13.67,112.02,14.75,0,0,0,1,0
106,CA Lynn,42,1329,198,974,0,0,0,31.64,136.45,20.33,0,0,0,12,0
107,CA Pujara,22,390,54,403,0,0,0,17.73,96.77,13.4,0,0,0,6,0
108,CH Gayle,141,4997,767,3516,18,584,755,35.44,142.12,21.81,7.76,41.94,32.44,30,0
109,CH Morris,81,618,76,413,96,1801,2377,7.63,149.64,18.4,7.92,24.76,18.76,36,0
110,CJ Anderson,30,538,71,436,11,315,525,17.93,123.39,16.28,10,47.73,28.64,11,0
111,CJ Ferguson,8,98,9,119,0,0,0,12.25,82.35,7.56,0,0,0,2,0
112,CJ Jordan,28,75,6,68,27,577,870,2.68,110.29,8.82,9.05,32.22,21.37,13,0
113,CJ McKay,2,8,0,15,1,42,60,4,53.33,0,8.57,59.99,42,0,0
114,CK Kapugedera,4,16,0,24,0,17,49,4,66.67,0,17.29,490000,170000,4,0
115,CK Langeveldt,7,8,1,9,13,165,199,1.14,88.89,11.11,7.24,15.31,12.69,0,0
116,CL White,45,971,114,774,1,46,86,21.58,125.45,14.73,11.22,85.99,46,22,0
117,CM Gautam,13,169,23,158,0,0,0,13,106.96,14.56,0,0,0,3,4
118,CR Brathwaite,16,181,26,120,13,266,384,11.31,150.83,21.67,8.66,29.54,20.46,6,0
119,CR Woakes,21,78,9,77,30,463,674,3.71,101.3,11.69,8.73,22.47,15.43,6,0
120,CRD Fernando,10,4,0,3,17,249,306,0.4,133.33,0,7.37,18,14.65,2,0
121,CV Varun,42,24,2,38,42,992,1186,0.57,63.16,5.26,7.17,28.24,23.62,5,0
122,D Brevis,7,161,25,116,1,3,8,23,138.79,21.55,16,8,3,3,0
123,D Kalyankrishna,3,3,0,8,2,50,88,1,37.5,0,10.56,44,25,1,0
124,D Padikkal,46,1260,172,1057,0,0,0,27.39,119.21,16.27,0,0,0,20,0
125,D Pretorius,6,44,6,28,6,138,213,7.33,157.14,21.43,9.26,35.5,23,2,0
126,D Salunkhe,5,33,5,24,1,51,80,6.6,137.5,20.83,9.41,79.99,50.99,2,0
127,D Wiese,15,127,16,94,16,289,409,8.47,135.11,17.02,8.49,25.56,18.06,5,0
128,D du Preez,2,10,0,13,4,43,56,5,76.92,0,7.81,14,10.75,0,0
129,DA Miller,101,2455,282,1838,0,0,0,24.31,133.57,15.34,0,0,0,64,0
130,DA Warner,162,5883,793,4313,0,2,2,36.31,136.4,18.39,6,20000,20000,76,0
131,DAJ Bracewell,1,12,1,9,3,25,32,12,133.33,11.11,7.68,10.67,8.33,1,0
132,DB Das,22,304,39,267,0,0,0,13.82,113.86,14.61,0,0,0,7,0
133,DB Ravi Teja,25,375,44,325,1,18,28,15,115.38,13.54,9.33,28,18,11,0
134,DE Bollinger,27,21,2,23,37,600,716,0.78,91.3,8.7,7.16,19.35,16.22,6,0
135,DH Yagnik,17,170,25,142,0,0,0,10,119.72,17.61,0,0,0,12,5
136,DJ Bravo,160,1560,186,1247,183,3296,4436,9.75,125.1,14.92,8.08,24.24,18.01,69,0
137,DJ Harris,4,111,16,103,0,18,26,27.75,107.77,15.53,8.67,260000,180000,5,0
138,DJ Hooda,80,1237,133,970,10,359,505,15.46,127.53,13.71,8.44,50.5,35.9,42,0
139,DJ Hussey,61,1322,150,1101,8,323,485,21.67,120.07,13.62,9.01,60.62,40.37,25,0
140,DJ Jacobs,7,92,14,101,0,0,0,13.14,91.09,13.86,0,0,0,3,2
141,DJ Malan,1,26,2,26,0,0,0,26,100,7.69,0,0,0,1,0
142,DJ Mitchell,2,33,1,46,0,13,27,16.5,71.74,2.17,12.46,270000,130000,2,0
143,DJ Muthuswami,6,1,0,3,4,84,108,0.17,33.33,0,7.71,27,21,0,0
144,DJ Thornely,5,39,4,54,3,44,40,7.8,72.22,7.41,5.45,13.33,14.67,2,0
145,DJ Willey,7,18,3,32,3,127,171,2.57,56.25,9.38,8.08,57,42.33,3,0
146,DJG Sammy,22,295,33,251,11,244,354,13.41,117.53,13.15,8.7,32.18,22.18,9,0
147,DJM Short,7,115,16,102,1,18,23,16.43,112.75,15.69,7.67,23,18,2,0
148,DL Chahar,63,79,8,59,59,1385,1739,1.25,133.9,13.56,7.53,29.47,23.47,10,0
149,DL Vettori,34,121,13,118,28,785,894,3.56,102.54,11.02,6.83,31.93,28.04,11,0
150,DM Bravo,1,6,1,5,0,0,0,6,120,20,0,0,0,0,0
151,DNT Zoysa,3,11,1,9,2,69,100,3.67,122.22,11.11,8.7,50,34.5,0,0
152,DP Conway,7,252,35,176,0,0,0,36,143.18,19.89,0,0,0,2,0
153,DP Nannes,29,4,0,13,28,689,815,0.14,30.77,0,7.1,29.11,24.61,8,0
154,DP Vijaykumar,9,1,0,1,4,159,205,0.11,100,0,7.74,51.25,39.75,0,0
155,DPMD Jayawardene,78,1808,240,1522,0,0,0,23.18,118.79,15.77,0,0,0,33,0
156,DR Martyn,1,19,1,26,0,0,0,19,73.08,3.85,0,0,0,0,0
157,DR Sams,16,44,4,48,14,389,528,2.75,91.67,8.33,8.14,37.71,27.79,10,0
158,DR Shorey,2,13,1,20,0,0,0,6.5,65,5,0,0,0,6,0
159,DR Smith,91,2385,362,1803,26,557,825,26.21,132.28,20.08,8.89,31.73,21.42,41,0
160,DS Kulkarni,92,104,9,113,86,1876,2513,1.13,92.04,7.96,8.04,29.22,21.81,18,0
161,DS Lehmann,2,18,3,19,0,0,0,9,94.74,15.79,0,0,0,0,0
162,DT Christian,49,460,42,408,38,922,1218,9.39,112.75,10.29,7.93,32.05,24.26,28,0
163,DT Patil,2,13,1,13,0,0,0,6.5,100,7.69,0,0,0,2,0
164,DW Steyn,95,167,17,163,97,2282,2583,1.76,102.45,10.43,6.79,26.63,23.53,22,0
165,E Lewis,26,654,98,499,0,0,0,25.15,131.06,19.64,0,0,0,9,0
166,EJG Morgan,74,1406,176,1181,0,0,0,19,119.05,14.9,0,0,0,36,0
167,ER Dwivedi,2,24,4,15,0,0,0,12,160,26.67,0,0,0,2,0
168,F Behardien,3,14,2,13,0,0,0,4.67,107.69,15.38,0,0,0,1,0
169,F du Plessis,109,3403,424,2676,0,6,16,31.22,127.17,15.84,16,160000,60000,71,0
170,FA Allen,5,14,1,19,2,91,136,2.8,73.68,5.26,8.97,68,45.5,2,0
171,FH Edwards,6,4,0,5,5,150,160,0.67,80,0,6.4,32,30,0,0
172,FY Fazal,12,183,23,179,0,12,20,15.25,102.23,12.85,10,200000,120000,7,0
173,Fazalhaq Farooqi,3,2,0,8,2,76,110,0.67,25,0,8.68,55,38,0,0
174,G Gambhir,151,4217,551,3524,0,0,0,27.93,119.67,15.64,0,0,0,28,0
175,GB Hogg,21,22,1,22,23,466,585,1.05,100,4.55,7.53,25.43,20.26,4,0
176,GC Smith,29,739,103,691,0,0,0,25.48,106.95,14.91,0,0,0,7,0
177,GC Viljoen,6,3,0,7,7,146,229,0.5,42.86,0,9.41,32.71,20.86,0,0
178,GD McGrath,14,4,1,5,12,329,366,0.29,80,20,6.67,30.5,27.42,2,0
179,GD Phillips,3,26,3,33,1,13,20,8.67,78.79,9.09,9.23,20,13,1,0
180,GH Vihari,23,284,24,331,1,43,48,12.35,85.8,7.25,6.7,48,43,6,0
181,GHS Garton,5,2,0,4,3,97,136,0.4,50,0,8.41,45.33,32.33,1,0
182,GJ Bailey,36,663,78,552,0,0,0,18.42,120.11,14.13,0,0,0,12,0
183,GJ Maxwell,109,2320,325,1571,28,803,1087,21.28,147.68,20.69,8.12,38.82,28.68,40,0
184,GR Napier,1,15,1,16,1,24,28,15,93.75,6.25,7,28,24,0,0
185,Gurkeerat Singh,32,511,66,436,5,82,97,15.97,117.2,15.14,7.1,19.4,16.4,20,1
186,H Das,1,2,0,5,0,0,0,2,40,0,0,0,0,0,0
187,H Klaasen,6,66,6,58,0,0,0,11,113.79,10.34,0,0,0,4,4
188,HE van der Dussen,3,22,2,25,0,0,0,7.33,88,8,0,0,0,0,0
189,HF Gurney,8,1,0,5,7,169,239,0.12,20,0,8.49,34.14,24.14,0,0
190,HH Gibbs,36,886,114,837,0,0,0,24.61,105.85,13.62,0,0,0,22,0
191,HH Pandya,105,1972,257,1406,50,1103,1566,18.78,140.26,18.28,8.52,31.32,22.06,52,0
192,HM Amla,16,577,81,418,0,0,0,36.06,138.04,19.38,0,0,0,0,0
193,HR Shokeen,5,43,5,48,2,94,130,8.6,89.58,10.42,8.3,65,47,2,0
194,HV Patel,77,230,28,189,97,1665,2262,2.99,121.69,14.81,8.15,23.32,17.16,16,0
195,Harbhajan Singh,163,833,121,636,150,3496,4101,5.11,130.97,19.03,7.04,27.34,23.31,38,0
196,Harmeet Singh,28,18,3,12,27,574,747,0.64,150,25,7.81,27.67,21.26,3,0
197,Harpreet Brar,15,106,11,100,9,296,379,7.07,106,11,7.68,42.11,32.89,5,0
198,Harpreet Singh,3,20,0,26,0,0,0,6.67,76.92,0,0,0,0,2,0
199,Harshit Rana,2,2,0,2,1,31,52,1,100,0,10.06,51.99,31,0,0
200,I Malhotra,1,7,1,4,0,6,23,7,175,25,23,230000,60000,0,0
201,I Sharma,93,55,6,62,72,2090,2779,0.59,88.71,9.68,7.98,38.6,29.03,16,0
202,I Udana,10,15,2,11,8,182,286,1.5,136.36,18.18,9.43,35.75,22.75,3,0
203,IC Pandey,24,0,0,2,18,469,609,0,0,0,7.79,33.83,26.06,6,0
204,IK Pathan,102,1150,126,985,80,2113,2711,11.27,116.75,12.79,7.7,33.89,26.41,28,0
205,IR Jaggi,7,76,6,100,0,0,0,10.86,76,6,0,0,0,2,0
206,IS Sodhi,8,7,0,18,9,182,204,0.88,38.89,0,6.73,22.67,20.22,0,0
207,Imran Tahir,59,33,5,37,82,1340,1729,0.56,89.19,13.51,7.74,21.09,16.34,8,0
208,Iqbal Abdulla,48,88,10,86,40,943,1125,1.83,102.33,11.63,7.16,28.12,23.57,12,0
209,Ishan Kishan,70,1870,251,1444,0,0,0,26.71,129.5,17.38,0,0,0,33,2
210,J Arunkumar,3,23,5,24,0,0,0,7.67,95.83,20.83,0,0,0,0,0
211,J Botha,34,409,44,364,25,709,818,12.03,112.36,12.09,6.92,32.72,28.36,16,0
212,J Suchith,21,70,9,62,19,434,604,3.33,112.9,14.52,8.35,31.79,22.84,17,0
213,J Syed Mohammad,11,29,4,27,8,196,286,2.64,107.41,14.81,8.76,35.75,24.5,1,0
214,J Theron,10,10,1,13,11,235,311,1,76.92,7.69,7.94,28.27,21.36,1,0
215,J Yadav,19,40,3,38,8,374,421,2.11,105.26,7.89,6.75,52.62,46.75,5,0
216,JA Morkel,90,975,116,712,85,1807,2409,10.83,136.94,16.29,8,28.34,21.26,17,0
217,JA Richardson,3,15,2,25,3,69,122,5,60,8,10.61,40.67,23,1,0
218,JC Archer,35,195,25,128,46,858,1008,5.57,152.34,19.53,7.05,21.91,18.65,7,0
219,JC Buttler,81,2832,413,1955,0,0,0,34.96,144.86,21.13,0,0,0,43,1
220,JD Ryder,29,604,88,466,8,241,314,20.83,129.61,18.88,7.82,39.25,30.12,10,0
221,JD Unadkat,90,164,19,136,91,1942,2806,1.82,120.59,13.97,8.67,30.84,21.34,19,0
222,JDP Oram,15,106,11,110,9,244,362,7.07,96.36,10,8.9,40.22,27.11,7,0
223,JDS Neesham,14,92,8,93,8,222,342,6.57,98.92,8.6,9.24,42.75,27.75,2,0
224,JE Taylor,5,3,0,4,6,122,167,0.6,75,0,8.21,27.83,20.33,0,0
225,JEC Franklin,19,327,34,309,9,155,225,17.21,105.83,11,8.71,25,17.22,6,0
226,JH Kallis,98,2427,299,2291,65,1799,2348,24.77,105.94,13.05,7.83,36.12,27.68,30,0
227,JJ Bumrah,120,56,5,68,148,2857,3499,0.47,82.35,7.35,7.35,23.64,19.3,11,0
228,JJ Roy,13,329,48,264,0,0,0,25.31,124.62,18.18,0,0,0,8,0
229,JJ van der Wath,3,18,2,17,3,76,134,6,105.88,11.76,10.58,44.67,25.33,0,0
230,JL Denly,1,0,0,1,0,0,0,0,0,0,0,0,0,0,0
231,JL Pattinson,10,15,2,13,11,222,321,1.5,115.38,15.38,8.68,29.18,20.18,2,0
232,JM Bairstow,39,1291,188,935,0,0,0,33.1,138.07,20.11,0,0,0,20,4
233,JM Kemp,5,26,2,25,3,47,58,5.2,104,8,7.4,19.33,15.67,1,0
234,JM Sharma,10,234,34,149,0,0,0,23.4,157.05,22.82,0,0,0,9,2
235,JO Holder,38,247,30,205,49,873,1199,6.5,120.49,14.63,8.24,24.47,17.82,11,0
236,JP Duminy,79,2029,205,1680,23,701,847,25.68,120.77,12.2,7.25,36.83,30.48,30,0
237,JP Faulkner,60,527,59,406,61,1287,1849,8.78,129.8,14.53,8.62,30.31,21.1,16,0
238,JPR Scantlebury-Searles,3,8,1,6,2,45,89,2.67,133.33,16.67,11.87,44.5,22.5,4,0
239,JR Hazlewood,24,18,1,27,32,565,754,0.75,66.67,3.7,8.01,23.56,17.66,1,0
240,JR Hopes,20,417,60,314,14,369,562,20.85,132.8,19.11,9.14,40.14,26.36,5,0
241,JR Philippe,5,78,10,80,0,0,0,15.6,97.5,12.5,0,0,0,0,0
242,Jaskaran Singh,7,8,0,11,6,111,174,1.14,72.73,0,9.41,29,18.5,0,0
243,Joginder Sharma,16,36,3,30,12,272,421,2.25,120,10,9.29,35.08,22.67,5,0
244,K Goel,16,218,26,239,0,67,94,13.62,91.21,10.88,8.42,940000,670000,9,0
245,K Gowtham,28,186,25,115,18,486,677,6.64,161.74,21.74,8.36,37.61,27,14,0
246,K Kartikeya,4,3,0,6,5,78,103,0.75,50,0,7.92,20.6,15.6,0,0
247,K Rabada,63,186,22,188,102,1498,2023,2.95,98.94,11.7,8.1,19.83,14.69,21,0
248,K Upadhyay,3,12,1,9,0,56,81,4,133.33,11.11,8.68,810000,560000,1,0
249,K Yadav,1,0,0,4,0,12,17,0,0,0,8.5,170000,120000,0,0
250,KA Jamieson,9,65,8,55,9,179,271,7.22,118.18,14.55,9.08,30.11,19.89,2,0
251,KA Pollard,179,3437,445,2447,69,1586,2200,19.2,140.46,18.19,8.32,31.88,22.99,97,0
252,KAJ Roach,2,10,1,9,0,52,80,5,111.11,11.11,9.23,800000,520000,1,0
253,KB Arun Karthik,8,51,5,53,0,0,0,6.38,96.23,9.43,0,0,0,12,2
254,KC Cariappa,11,24,2,21,8,224,349,2.18,114.29,9.52,9.35,43.62,28,2,0
255,KC Sangakkara,68,1687,222,1424,0,0,0,24.81,118.47,15.59,0,0,0,45,9
256,KD Karthik,207,4377,560,3386,0,0,0,21.14,129.27,16.54,0,0,0,133,34
257,KH Pandya,98,1326,171,1003,61,1725,2066,13.53,132.2,17.05,7.19,33.87,28.28,30,0
258,KJ Abbott,5,13,1,8,2,102,182,2.6,162.5,12.5,10.71,91,51,0,0
259,KK Ahmed,34,1,0,7,48,809,1116,0.03,14.29,0,8.28,23.25,16.85,1,0
260,KK Cooper,25,116,17,70,33,600,789,4.64,165.71,24.29,7.89,23.91,18.18,11,0
261,KK Nair,68,1496,200,1192,0,0,0,22,125.5,16.78,0,0,0,26,0
262,KL Nagarkoti,12,22,1,34,5,185,287,1.83,64.71,2.94,9.31,57.4,37,9,0
263,KL Rahul,99,3895,491,2933,0,0,0,39.34,132.8,16.74,0,0,0,59,5
264,KM Jadhav,80,1196,141,1002,0,0,0,14.95,119.36,14.07,0,0,0,30,7
265,KMA Paul,8,18,2,26,9,180,239,2.25,69.23,7.69,7.97,26.56,20,6,0
266,KMDN Kulasekara,5,5,1,3,5,107,122,1,166.67,33.33,6.84,24.4,21.4,3,0
267,KP Appanna,13,2,0,4,9,222,291,0.15,50,0,7.86,32.33,24.67,3,0
268,KP Pietersen,36,1001,131,758,7,180,218,27.81,132.06,17.28,7.27,31.14,25.71,12,0
269,KR Sen,7,0,0,3,8,157,240,0,0,0,9.17,30,19.62,2,0
270,KS Bharat,8,199,20,168,0,0,0,24.88,118.45,11.9,0,0,0,4,1
271,KS Sharma,1,4,1,4,0,0,0,4,100,25,0,0,0,0,0
272,KS Williamson,74,2105,247,1707,0,18,31,28.45,123.32,14.47,10.33,310000,180000,39,0
273,KV Sharma,67,317,32,285,59,1239,1645,4.73,111.23,11.23,7.97,27.88,21,12,0
274,KW Richardson,15,36,3,39,19,345,479,2.4,92.31,7.69,8.33,25.21,18.16,5,0
275,Kamran Akmal,6,128,21,78,0,0,0,21.33,164.1,26.92,0,0,0,5,4
276,Kamran Khan,9,3,0,5,10,177,248,0.33,60,0,8.41,24.8,17.7,4,0
277,Karanveer Singh,9,12,1,17,12,213,323,1.33,70.59,5.88,9.1,26.92,17.75,2,0
278,Kartik Tyagi,16,13,1,16,14,388,576,0.81,81.25,6.25,8.91,41.14,27.71,3,0
279,Kuldeep Yadav,59,105,10,130,61,1219,1671,1.78,80.77,7.69,8.22,27.39,19.98,10,0
280,L Ablish,3,0,0,2,3,45,76,0,0,0,10.13,25.33,15,0,0
281,L Balaji,73,36,3,50,76,1574,2083,0.49,72,6,7.94,27.41,20.71,9,0
282,L Ronchi,5,34,7,37,0,0,0,6.8,91.89,18.92,0,0,0,4,0
283,LA Carseldine,5,81,11,71,1,7,6,16.2,114.08,15.49,5.14,6,7,4,0
284,LA Pomersbach,16,302,38,251,0,0,0,18.88,120.32,15.14,0,0,0,8,0
285,LE Plunkett,7,1,0,3,4,154,228,0.14,33.33,0,8.88,57,38.5,2,0
286,LH Ferguson,35,67,8,47,38,805,1093,1.91,142.55,17.02,8.15,28.76,21.18,5,0
287,LJ Wright,7,106,19,63,2,75,125,15.14,168.25,30.16,10,62.5,37.5,2,0
288,LMP Simmons,29,1079,153,878,1,18,34,37.21,122.89,17.43,11.33,34,18,10,0
289,LPC Silva,3,40,6,27,0,6,21,13.33,148.15,22.22,21,210000,60000,3,0
290,LR Shukla,43,405,49,358,15,326,458,9.42,113.13,13.69,8.43,30.53,21.73,15,0
291,LRPL Taylor,54,1017,112,847,0,13,24,18.83,120.07,13.22,11.08,240000,130000,18,0
292,LS Livingstone,23,549,78,352,6,150,215,23.87,155.97,22.16,8.6,35.83,25,12,0
293,Lalit Yadav,17,229,25,227,8,194,253,13.47,100.88,11.01,7.82,31.62,24.25,14,0
294,M Ashwin,42,35,3,50,35,873,1129,0.83,70,6,7.76,32.26,24.94,7,0
295,M Jansen,10,9,1,11,9,241,325,0.9,81.82,9.09,8.09,36.11,26.78,4,0
296,M Kaif,22,259,28,258,0,0,0,11.77,100.39,10.85,0,0,0,16,0
297,M Kartik,55,113,8,109,31,1182,1418,2.05,103.67,7.34,7.2,45.74,38.13,18,0
298,M Klinger,4,73,9,78,0,0,0,18.25,93.59,11.54,0,0,0,0,0
299,M Manhas,38,514,53,486,0,42,42,13.53,105.76,10.91,6,420000,420000,20,0
300,M Markande,20,27,3,30,17,365,522,1.35,90,10,8.58,30.71,21.47,5,0
301,M Morkel,70,126,16,93,77,1699,2136,1.8,135.48,17.2,7.54,27.74,22.06,11,0
302,M Muralitharan,66,20,1,30,64,1581,1765,0.3,66.67,3.33,6.7,27.58,24.7,14,0
303,M Ntini,9,11,2,19,7,213,257,1.22,57.89,10.53,7.24,36.71,30.43,1,0
304,M Prasidh Krishna,51,9,0,24,50,1231,1741,0.18,37.5,0,8.49,34.82,24.62,9,0
305,M Rawat,11,55,5,70,0,0,0,5,78.57,7.14,0,0,0,16,2
306,M Shahrukh Khan,18,270,32,236,0,0,0,15,114.41,13.56,0,0,0,7,0
307,M Theekshana,9,7,1,7,12,212,267,0.78,100,14.29,7.56,22.25,17.67,0,0
308,M Vijay,105,2619,338,2208,0,37,49,24.94,118.61,15.31,7.95,490000,370000,48,0
309,M Vohra,50,1073,146,852,0,0,0,21.46,125.94,17.14,0,0,0,13,0
310,M de Lange,5,1,0,2,5,116,171,0.2,50,0,8.84,34.2,23.2,0,0
311,MA Agarwal,107,2335,319,1803,0,0,0,21.82,129.51,17.69,0,0,0,51,0
312,MA Khote,3,24,3,22,2,30,52,8,109.09,13.64,10.4,26,15,0,0
313,MA Starc,26,96,10,98,34,612,725,3.69,97.96,10.2,7.11,21.32,18,16,0
314,MA Wood,1,1,0,5,0,25,50,1,20,0,12,500000,250000,1,0
315,MC Henriques,62,1000,115,801,42,979,1302,16.13,124.84,14.36,7.98,31,23.31,29,0
316,MC Juneja,7,125,12,134,0,0,0,17.86,93.28,8.96,0,0,0,0,0
317,MD Mishra,17,237,32,213,0,0,0,13.94,111.27,15.02,0,0,0,1,0
318,MDKJ Perera,2,14,3,13,0,0,0,7,107.69,23.08,0,0,0,0,0
319,MEK Hussey,58,1977,250,1648,0,0,0,34.09,119.96,15.17,0,0,0,26,0
320,MF Maharoof,20,177,21,124,27,441,532,8.85,142.74,16.94,7.24,19.7,16.33,4,0
321,MG Johnson,54,167,17,168,62,1301,1740,3.09,99.4,10.12,8.02,28.06,20.98,15,0
322,MJ Clarke,6,98,12,96,2,66,72,16.33,102.08,12.5,6.55,36,33,1,0
323,MJ Guptill,13,271,39,197,0,0,0,20.85,137.56,19.8,0,0,0,7,0
324,MJ Lumb,12,278,51,198,0,0,0,23.17,140.4,25.76,0,0,0,5,0
325,MJ McClenaghan,56,85,12,73,71,1346,1839,1.52,116.44,16.44,8.2,25.9,18.96,1,0
326,MJ Santner,12,54,6,55,10,244,282,4.5,98.18,10.91,6.93,28.2,24.4,4,0
327,MK Lomror,17,267,28,214,1,73,92,15.71,124.77,13.08,7.56,91.99,72.99,4,0
328,MK Pandey,148,3657,424,3106,0,0,0,24.71,117.74,13.65,0,0,0,78,0
329,MK Tiwary,85,1695,196,1489,1,45,83,19.94,113.83,13.16,11.07,82.99,45,47,0
330,ML Hayden,32,1107,165,839,0,0,0,34.59,131.94,19.67,0,0,0,11,0
331,MM Ali,44,910,129,652,24,564,631,20.68,139.57,19.79,6.71,26.29,23.5,15,0
332,MM Patel,63,39,5,41,74,1382,1733,0.62,95.12,12.2,7.52,23.42,18.68,12,0
333,MM Sharma,86,122,13,120,92,1795,2488,1.42,101.67,10.83,8.32,27.04,19.51,16,0
334,MN Samuels,15,161,16,174,9,219,285,10.73,92.53,9.2,7.81,31.67,24.33,2,0
335,MN van Wyk,5,167,20,135,0,0,0,33.4,123.7,14.81,0,0,0,7,0
336,MP Stoinis,67,1070,131,813,34,675,1072,15.97,131.61,16.11,9.53,31.53,19.85,16,0
337,MR Marsh,29,476,56,394,24,407,528,16.41,120.81,14.21,7.78,22,16.96,7,0
338,MS Bisla,39,798,116,737,0,0,0,20.46,108.28,15.74,0,0,0,20,7
339,MS Dhoni,205,4978,575,3802,0,0,0,24.28,130.93,15.12,0,0,0,135,39
340,MS Gony,44,99,14,76,37,925,1317,2.25,130.26,18.42,8.54,35.59,25,4,0
341,MS Wade,13,179,25,178,0,0,0,13.77,100.56,14.04,0,0,0,7,1
342,MV Boucher,23,394,45,318,0,0,0,17.13,123.9,14.15,0,0,0,14,3
343,Mandeep Singh,94,1692,213,1402,0,12,26,18,120.68,15.19,13,260000,120000,38,0
344,Mashrafe Mortaza,1,2,0,2,0,28,59,2,100,0,12.64,590000,280000,0,0
345,Misbah-ul-Haq,8,117,16,82,0,0,0,14.62,142.68,19.51,0,0,0,1,0
346,Mohammad Ashraful,1,2,0,12,0,0,0,2,16.67,0,0,0,0,2,0
347,Mohammad Asif,8,3,0,6,8,199,307,0.38,50,0,9.26,38.37,24.87,0,0
348,Mohammad Hafeez,8,64,9,84,2,63,71,8,76.19,10.71,6.76,35.5,31.5,1,0
349,Mohammad Nabi,17,186,26,126,13,345,417,10.94,147.62,20.63,7.25,32.08,26.54,11,0
350,Mohammed Shami,93,69,7,74,99,2118,2954,0.74,93.24,9.46,8.37,29.84,21.39,13,0
351,Mohammed Siraj,65,96,12,111,59,1402,1992,1.48,86.49,10.81,8.52,33.76,23.76,21,0
352,Mohsin Khan,9,23,3,19,14,206,202,2.56,121.05,15.79,5.88,14.43,14.71,1,0
353,Mujeeb Ur Rahman,19,12,2,15,19,452,598,0.63,80,13.33,7.94,31.47,23.79,2,0
354,Mukesh Choudhary,13,6,1,6,16,291,425,0.46,100,16.67,8.76,26.56,18.19,3,0
355,Mustafizur Rahman,46,12,1,22,46,1086,1389,0.26,54.55,4.55,7.67,30.2,23.61,4,0
356,N Jagadeesan,4,73,8,71,0,0,0,18.25,102.82,11.27,0,0,0,0,0
357,N Pooran,43,912,117,630,0,0,0,21.21,144.76,18.57,0,0,0,19,1
358,N Rana,87,2181,301,1677,7,131,178,25.07,130.05,17.95,8.15,25.43,18.71,21,0
359,N Saini,10,140,16,143,0,0,0,14,97.9,11.19,0,0,0,11,2
360,ND Doshi,4,0,0,13,2,57,79,0,0,0,8.32,39.5,28.5,0,0
361,NJ Maddinson,3,20,4,21,0,0,0,6.67,95.24,19.05,0,0,0,1,0
362,NJ Rimmington,1,1,0,1,0,18,20,1,100,0,6.67,200000,180000,0,0
363,NK Patel,6,121,15,124,0,0,0,20.17,97.58,12.1,0,0,0,6,0
364,NL McCullum,2,26,1,23,0,30,35,13,113.04,4.35,7,350000,300000,1,0
365,NLTC Perera,37,424,49,326,31,715,1031,11.46,130.06,15.03,8.65,33.26,23.06,13,0
366,NM Coulter-Nile,38,82,11,75,48,892,1125,2.16,109.33,14.67,7.57,23.44,18.58,10,0
367,NS Naik,4,31,2,53,0,0,0,7.75,58.49,3.77,0,0,0,3,0
368,NT Ellis,5,18,1,19,4,108,148,3.6,94.74,5.26,8.22,37,27,1,0
369,NV Ojha,94,1554,200,1360,0,0,0,16.53,114.26,14.71,0,0,0,65,10
370,Navdeep Saini,30,33,3,38,21,657,928,1.1,86.84,7.89,8.47,44.19,31.29,8,0
371,OA Shah,22,506,57,405,0,0,0,23,124.94,14.07,0,0,0,7,0
372,OC McCoy,7,8,1,5,11,173,242,1.14,160,20,8.39,22,15.73,1,0
373,OF Smith,6,51,6,50,6,95,179,8.5,102,12,11.31,29.83,15.83,2,0
374,P Awana,33,5,0,14,39,774,1046,0.15,35.71,0,8.11,26.82,19.85,4,0
375,P Chopra,1,8,2,6,0,0,0,8,133.33,33.33,0,0,0,1,0
376,P Dogra,12,127,9,141,0,0,0,10.58,90.07,6.38,0,0,0,5,0
377,P Dubey,3,7,0,13,0,48,72,2.33,53.85,0,9,720000,480000,1,0
378,P Kumar,119,340,39,323,90,2637,3342,2.86,105.26,12.07,7.6,37.13,29.3,13,0
379,P Negi,46,365,43,301,34,733,954,7.93,121.26,14.29,7.81,28.06,21.56,16,0
380,P Parameswaran,8,1,0,3,9,159,226,0.12,33.33,0,8.53,25.11,17.67,0,0
381,P Ray Barman,1,19,2,25,0,24,56,19,76,8,14,560000,240000,0,0
382,P Sahu,5,19,2,13,3,107,152,3.8,146.15,15.38,8.52,50.66,35.67,0,0
383,P Simran Singh,6,64,8,67,0,0,0,10.67,95.52,11.94,0,0,0,2,0
384,PA Patel,136,2848,414,2442,0,0,0,20.94,116.63,16.95,0,0,0,69,16
385,PA Reddy,10,164,17,167,0,0,0,16.4,98.2,10.18,0,0,0,2,0
386,PBB Rajapaksa,9,206,29,137,0,0,0,22.89,150.36,21.17,0,0,0,4,0
387,PC Valthaty,23,505,81,432,7,153,207,21.96,116.9,18.75,8.12,29.57,21.86,3,0
388,PD Collingwood,7,203,22,159,5,90,101,29,127.67,13.84,6.73,20.2,18,3,0
389,PJ Cummins,42,379,50,260,45,995,1405,9.02,145.77,19.23,8.47,31.22,22.11,8,0
390,PJ Sangwan,42,26,1,47,38,905,1267,0.62,55.32,2.13,8.4,33.34,23.82,8,0
391,PK Garg,17,251,24,224,0,0,0,14.76,112.05,10.71,0,0,0,11,0
392,PM Sarvesh Kumar,2,1,0,2,1,31,42,0.5,50,0,8.13,42,31,0,0
393,PN Mankad,1,4,1,1,0,0,0,4,400,100,0,0,0,1,0
394,PP Chawla,165,584,72,543,157,3309,4368,3.54,107.55,13.26,7.92,27.82,21.08,35,0
395,PP Ojha,90,16,0,45,89,1945,2399,0.18,35.56,0,7.4,26.96,21.85,14,0
396,PP Shaw,63,1588,247,1106,0,0,0,25.21,143.58,22.33,0,0,0,15,0
397,PR Shah,9,92,11,97,0,0,0,10.22,94.85,11.34,0,0,0,10,3
398,PSP Handscomb,1,6,0,12,0,0,0,6,50,0,0,0,0,0,0
399,PV Tambe,33,18,1,39,28,674,866,0.55,46.15,2.56,7.71,30.93,24.07,1,0
400,PVD Chameera,12,43,6,32,9,278,393,3.58,134.38,18.75,8.48,43.67,30.89,2,0
401,PWH de Silva,18,39,5,50,26,382,499,2.17,78,10,7.84,19.19,14.69,1,0
402,Pankaj Singh,17,7,0,12,11,311,472,0.41,58.33,0,9.11,42.91,28.27,2,0
403,Parvez Rasool,11,17,1,20,4,200,273,1.55,85,5,8.19,68.25,50,3,0
404,Q de Kock,92,2767,383,2113,0,0,0,30.08,130.95,18.13,0,0,0,65,15
405,R Ashwin,181,647,72,567,157,4024,4596,3.57,114.11,12.7,6.85,29.27,25.63,36,0
406,R Bhatia,94,342,37,290,71,1661,2059,3.64,117.93,12.76,7.44,29,23.39,23,0
407,R Bishnoi,3,19,3,17,0,0,0,6.33,111.76,17.65,0,0,0,1,0
408,R Dhawan,31,190,23,176,24,632,819,6.13,107.95,13.07,7.78,34.12,26.33,10,0
409,R Dravid,82,2174,297,1918,0,0,0,26.51,113.35,15.48,0,0,0,18,0
410,R McLaren,18,159,15,178,12,372,558,8.83,89.33,8.43,9,46.5,31,5,0
411,R Ninan,2,3,0,6,3,36,65,1.5,50,0,10.83,21.67,12,1,0
412,R Parag,40,522,62,434,4,162,280,13.05,120.28,14.29,10.37,70,40.5,29,0
413,R Powell,12,250,32,174,0,7,17,20.83,143.68,18.39,14.57,170000,70000,11,0
414,R Rampaul,12,51,5,52,16,278,319,4.25,98.08,9.62,6.88,19.94,17.37,4,0
415,R Sanjay Yadav,1,0,0,2,0,14,23,0,0,0,9.86,230000,140000,0,0
416,R Sathish,27,270,28,236,3,144,233,10,114.41,11.86,9.71,77.66,48,8,0
417,R Sharma,44,66,8,77,40,935,1100,1.5,85.71,10.39,7.06,27.5,23.37,10,0
418,R Shepherd,3,58,7,43,3,57,98,19.33,134.88,16.28,10.32,32.67,19,0,0
419,R Shukla,7,19,2,23,5,130,217,2.71,82.61,8.7,10.02,43.4,26,3,0
420,R Tewatia,60,738,92,588,32,852,1102,12.3,125.51,15.65,7.76,34.44,26.62,27,0
421,R Vinay Kumar,104,310,30,289,105,2186,3041,2.98,107.27,10.38,8.35,28.96,20.82,32,0
422,RA Bawa,2,11,1,14,0,0,0,5.5,78.57,7.14,0,0,0,0,0
423,RA Jadeja,202,2502,272,2049,132,3262,4114,12.39,122.11,13.27,7.57,31.17,24.71,84,0
424,RA Tripathi,74,1798,244,1312,0,6,12,24.3,137.04,18.6,12,120000,60000,29,0
425,RD Chahar,54,108,14,102,57,1207,1497,2,105.88,13.73,7.44,26.26,21.18,14,0
426,RD Gaikwad,36,1207,156,945,0,0,0,33.53,127.72,16.51,0,0,0,14,0
427,RE Levi,6,83,14,74,0,0,0,13.83,112.16,18.92,0,0,0,2,0
428,RE van der Merwe,21,159,19,144,21,455,515,7.57,110.42,13.19,6.79,24.52,21.67,6,0
429,RG More,2,2,0,2,1,37,63,1,100,0,10.22,62.99,37,1,0
430,RG Sharma,221,5881,760,4632,15,349,462,26.61,126.96,16.41,7.94,30.8,23.27,96,0
431,RJ Harris,37,117,9,112,45,865,1085,3.16,104.46,8.04,7.53,24.11,19.22,18,0
432,RJ Peterson,5,32,4,32,3,48,70,6.4,100,12.5,8.75,23.33,16,1,0
433,RJ Quiney,7,103,15,105,0,0,0,14.71,98.1,14.29,0,0,0,2,0
434,RK Bhui,2,7,0,18,0,0,0,3.5,38.89,0,0,0,0,0,0
435,RK Singh,15,251,32,204,0,0,0,16.73,123.04,15.69,0,0,0,17,0
436,RM Patidar,11,404,51,297,0,0,0,36.73,136.03,17.17,0,0,0,5,0
437,RN ten Doeschate,23,326,41,238,2,83,94,14.17,136.97,17.23,6.8,47,41.5,7,0
438,RP Meredith,13,0,0,1,12,289,412,0,0,0,8.55,34.33,24.08,1,0
439,RP Singh,82,52,3,78,90,1874,2417,0.63,66.67,3.85,7.74,26.86,20.82,27,0
440,RR Bhatkal,1,0,0,2,0,12,35,0,0,0,17.5,350000,120000,1,0
441,RR Pant,97,2851,391,2000,0,0,0,29.39,142.55,19.55,0,0,0,64,18
442,RR Powar,26,67,7,64,13,443,538,2.58,104.69,10.94,7.29,41.38,34.08,5,0
443,RR Raje,10,20,2,18,6,144,214,2,111.11,11.11,8.92,35.67,24,3,0
444,RR Rossouw,5,53,6,51,0,0,0,10.6,103.92,11.76,0,0,0,3,0
445,RR Sarwan,4,73,7,78,0,0,0,18.25,93.59,8.97,0,0,0,1,0
446,RS Bopara,24,531,55,468,11,213,301,22.12,113.46,11.75,8.48,27.36,19.36,4,0
447,RS Gavaskar,2,2,0,8,0,6,8,1,25,0,8,80000,60000,0,0
448,RS Sodhi,1,4,1,2,0,0,0,4,200,50,0,0,0,2,0
449,RT Ponting,9,91,7,129,0,0,0,10.11,70.54,5.43,0,0,0,4,0
450,RV Gomez,13,50,6,53,5,97,130,3.85,94.34,11.32,8.04,26,19.4,3,0
451,RV Patel,3,31,4,32,0,20,22,10.33,96.88,12.5,6.6,220000,200000,2,0
452,RV Uthappa,197,4954,663,3927,0,0,0,25.15,126.15,16.88,0,0,0,92,32
453,Ramandeep Singh,5,45,4,42,6,41,55,9,107.14,9.52,8.05,9.17,6.83,0,0
454,Rashid Khan,92,313,42,214,112,2232,2411,3.4,146.26,19.63,6.48,21.53,19.93,26,0
455,Rasikh Salam,3,12,1,10,0,51,70,4,120,10,8.24,700000,510000,1,0
456,Ravi Bishnoi,37,8,1,18,37,878,1083,0.22,44.44,5.56,7.4,29.27,23.73,7,0
457,S Anirudha,12,136,16,121,0,0,0,11.33,112.4,13.22,0,0,0,11,0
458,S Aravind,38,59,7,59,45,788,1057,1.55,100,11.86,8.05,23.49,17.51,5,0
459,S Badree,12,13,0,25,11,263,329,1.08,52,0,7.51,29.91,23.91,2,0
460,S Badrinath,65,1441,182,1245,0,0,0,22.17,115.74,14.62,0,0,0,16,0
461,S Chanderpaul,3,25,4,33,0,0,0,8.33,75.76,12.12,0,0,0,0,0
462,S Dhawan,205,6244,838,5083,4,49,72,30.46,122.84,16.49,8.82,18,12.25,93,0
463,S Dube,34,688,84,541,4,111,176,20.24,127.17,15.53,9.51,44,27.75,11,0
464,S Gopal,48,180,21,173,49,958,1291,3.75,104.05,12.14,8.09,26.35,19.55,5,0
465,S Kaul,55,20,1,36,58,1238,1772,0.36,55.56,2.78,8.59,30.55,21.34,8,0
466,S Kaushik,10,0,0,1,6,210,304,0,0,0,8.69,50.67,35,0,0
467,S Ladda,9,0,0,10,5,141,225,0,0,0,9.57,45,28.2,1,0
468,S Lamichhane,9,0,0,1,13,211,297,0,0,0,8.45,22.85,16.23,1,0
469,S Nadeem,71,39,2,88,48,1444,1800,0.55,44.32,2.27,7.48,37.5,30.08,11,0
470,S Narwal,7,37,6,29,5,113,203,5.29,127.59,20.69,10.78,40.6,22.6,1,0
471,S Rana,8,91,10,82,0,16,18,11.38,110.98,12.2,6.75,180000,160000,3,0
472,S Randiv,8,2,0,4,6,180,223,0.25,50,0,7.43,37.17,30,2,0
473,S Sohal,20,368,52,311,0,0,0,18.4,118.33,16.72,0,0,0,2,0
474,S Sreesanth,44,34,6,57,40,947,1221,0.77,59.65,10.53,7.74,30.52,23.67,3,0
475,S Sriram,2,31,3,38,0,18,49,15.5,81.58,7.89,16.33,490000,180000,0,0
476,S Tyagi,14,3,0,4,6,220,304,0.21,75,0,8.29,50.67,36.67,3,0
477,S Vidyut,8,145,24,115,1,13,22,18.12,126.09,20.87,10.15,22,13,1,0
478,SA Abbott,3,22,3,18,1,59,104,7.33,122.22,16.67,10.58,103.99,58.99,0,0
479,SA Asnodkar,19,423,66,352,0,0,0,22.26,120.17,18.75,0,0,0,6,0
480,SA Yadav,109,2644,368,1973,0,6,8,24.26,134.01,18.65,8,80000,60000,58,0
481,SB Bangar,10,49,4,58,4,153,221,4.9,84.48,6.9,8.67,55.25,38.25,2,0
482,SB Jakati,57,28,3,30,47,1101,1474,0.49,93.33,10,8.03,31.36,23.43,19,0
483,SB Joshi,4,6,0,16,1,55,82,1.5,37.5,0,8.95,81.99,54.99,0,0
484,SB Styris,12,131,13,134,8,222,278,10.92,97.76,9.7,7.51,34.75,27.75,2,0
485,SB Wagh,8,2,0,3,5,108,147,0.25,66.67,0,8.17,29.4,21.6,1,0
486,SC Ganguly,57,1349,179,1326,10,280,370,23.67,101.73,13.5,7.93,37,28,22,0
487,SD Chitnis,9,99,12,92,2,38,62,11,107.61,13.04,9.79,31,19,2,0
488,SD Lad,1,15,2,13,0,0,0,15,115.38,15.38,0,0,0,0,0
489,SE Bond,8,1,0,2,9,191,225,0.12,50,0,7.07,25,21.22,0,0
490,SE Marsh,69,2489,347,1913,0,0,0,36.07,130.11,18.14,0,0,0,26,0
491,SE Rutherford,9,106,11,107,1,46,60,11.78,99.07,10.28,7.83,59.99,46,5,0
492,SJ Srivastava,14,5,0,5,14,306,444,0.36,100,0,8.71,31.71,21.86,2,0
493,SK Raina,200,5536,710,4177,25,930,1139,27.68,132.54,17,7.35,45.56,37.2,106,0
494,SK Trivedi,76,42,4,61,65,1557,1944,0.55,68.85,6.56,7.49,29.91,23.95,12,0
495,SK Warne,55,198,20,219,57,1223,1465,3.6,90.41,9.13,7.19,25.7,21.46,11,0
496,SL Malinga,122,88,11,103,170,2974,3486,0.72,85.44,10.68,7.03,20.51,17.49,15,0
497,SM Curran,32,337,48,230,32,681,1005,10.53,146.52,20.87,8.85,31.41,21.28,9,0
498,SM Harwood,3,9,0,14,3,67,74,3,64.29,0,6.63,24.67,22.33,2,0
499,SM Katich,11,241,34,191,0,0,0,21.91,126.18,17.8,0,0,0,2,0
500,SM Pollock,13,147,20,116,11,280,307,11.31,126.72,17.24,6.58,27.91,25.45,2,0
501,SMSM Senanayake,8,10,0,17,9,195,211,1.25,58.82,0,6.49,23.44,21.67,2,0
502,SN Khan,32,532,72,394,0,2,6,16.62,135.03,18.27,18,60000,20000,8,0
503,SN Thakur,74,173,20,138,82,1650,2371,2.34,125.36,14.49,8.62,28.91,20.12,21,0
504,SO Hetmyer,43,831,107,577,0,0,0,19.33,144.02,18.54,0,0,0,17,0
505,SP Fleming,10,196,30,171,0,0,0,19.6,114.62,17.54,0,0,0,2,0
506,SP Goswami,21,293,35,307,0,0,0,13.95,95.44,11.4,0,0,0,18,7
507,SP Jackson,8,61,6,57,0,0,0,7.62,107.02,10.53,0,0,0,7,2
508,SP Narine,148,1025,175,664,152,3516,3907,6.93,154.37,26.36,6.67,25.7,23.13,16,0
509,SPD Smith,93,2495,286,1999,0,2,5,26.83,124.81,14.31,15,50000,20000,54,0
510,SR Tendulkar,78,2334,325,2044,0,37,59,29.92,114.19,15.9,9.57,590000,370000,23,0
511,SR Watson,145,3880,567,2892,92,2137,2742,26.76,134.16,19.61,7.7,29.8,23.23,38,0
512,SS Cottrell,6,0,0,2,6,131,177,0,0,0,8.11,29.5,21.83,0,0
513,SS Iyer,100,2780,337,2295,0,6,7,27.8,121.13,14.68,7,70000,60000,39,0
514,SS Prabhudessai,5,67,9,62,0,0,0,13.4,108.06,14.52,0,0,0,5,0
515,SS Shaikh,1,6,1,7,0,0,0,6,85.71,14.29,0,0,0,2,0
516,SS Tiwary,73,1494,161,1291,0,0,0,20.47,115.72,12.47,0,0,0,25,0
517,ST Jayasuriya,30,768,123,573,13,301,396,25.6,134.03,21.47,7.89,30.46,23.15,4,0
518,STR Binny,86,880,101,700,22,611,763,10.23,125.71,14.43,7.49,34.68,27.77,19,0
519,SV Samson,133,3526,437,2663,0,0,0,26.51,132.41,16.41,0,0,0,73,12
520,SW Billings,27,503,60,399,0,0,0,18.63,126.07,15.04,0,0,0,19,1
521,SW Tait,21,23,2,26,23,534,668,1.1,88.46,7.69,7.51,29.04,23.22,5,0
522,Sachin Baby,13,144,16,123,2,10,8,11.08,117.07,13.01,4.8,4,5,5,0
523,Salman Butt,7,193,32,172,0,0,0,27.57,112.21,18.6,0,0,0,2,0
524,Sandeep Sharma,104,52,4,66,114,2399,3046,0.5,78.79,6.06,7.62,26.72,21.04,10,0
525,Shahbaz Ahmed,26,279,29,253,13,341,478,10.73,110.28,11.46,8.41,36.77,26.23,12,0
526,Shahid Afridi,10,81,13,46,9,185,237,8.1,176.09,28.26,7.69,26.33,20.56,4,0
527,Shakib Al Hasan,71,795,94,665,63,1515,1864,11.2,119.55,14.14,7.38,29.59,24.05,13,0
528,Shashank Singh,6,69,9,47,0,13,20,11.5,146.81,19.15,9.23,200000,130000,3,0
529,Shivam Mavi,32,51,6,58,30,687,958,1.59,87.93,10.34,8.37,31.93,22.9,16,0
530,Shivam Sharma,5,5,1,3,4,114,165,1,166.67,33.33,8.68,41.25,28.5,1,0
531,Shoaib Ahmed,7,1,0,6,5,103,154,0.14,16.67,0,8.97,30.8,20.6,4,0
532,Shoaib Akhtar,3,2,0,8,5,46,54,0.67,25,0,7.04,10.8,9.2,0,0
533,Shoaib Malik,6,52,5,49,2,58,87,8.67,106.12,10.2,9,43.5,29,6,0
534,Shubman Gill,70,1900,235,1555,0,0,0,27.14,122.19,15.11,0,0,0,30,0
535,Simarjeet Singh,6,7,0,8,4,113,143,1.17,87.5,0,7.59,35.75,28.25,1,0
536,Sohail Tanvir,11,36,4,31,22,265,275,3.27,116.13,12.9,6.23,12.5,12.05,4,0
537,Sunny Gupta,1,0,0,1,0,19,47,0,0,0,14.84,470000,190000,0,0
538,Sunny Singh,5,43,7,31,0,0,0,8.6,138.71,22.58,0,0,0,1,0
539,Swapnil Singh,5,12,0,20,1,61,90,2.4,60,0,8.85,89.99,60.99,0,0
540,T Banton,2,18,2,22,0,0,0,9,81.82,9.09,0,0,0,0,0
541,T Henderson,2,11,1,16,1,36,41,5.5,68.75,6.25,6.83,41,36,0,0
542,T Kohli,3,11,1,20,0,0,0,3.67,55,5,0,0,0,5,0
543,T Natarajan,35,3,0,5,38,793,1116,0.09,60,0,8.44,29.37,20.87,3,0
544,T Shamsi,5,2,0,4,3,120,185,0.4,50,0,9.25,61.66,40,0,0
545,T Stubbs,2,2,0,4,0,0,0,1,50,0,0,0,0,0,0
546,T Taibu,3,31,3,26,0,0,0,10.33,119.23,11.54,0,0,0,1,0
547,T Thushara,6,12,0,19,8,144,164,2,63.16,0,6.83,20.5,18,3,0
548,TA Boult,78,53,4,49,92,1860,2522,0.68,108.16,8.16,8.14,27.41,20.22,24,0
549,TD Paine,2,10,0,29,0,0,0,5,34.48,0,0,0,0,0,0
550,TG Southee,52,120,12,108,45,1226,1695,2.31,111.11,11.11,8.3,37.67,27.24,21,0
551,TH David,9,187,28,94,0,0,0,20.78,198.94,29.79,0,0,0,6,0
552,TK Curran,13,127,13,108,13,252,432,9.77,117.59,12.04,10.29,33.23,19.38,2,0
553,TL Seifert,3,26,4,26,0,0,0,8.67,100,15.38,0,0,0,1,0
554,TL Suman,40,676,81,587,6,152,198,16.9,115.16,13.8,7.82,33,25.33,10,0
555,TM Dilshan,50,1153,164,1047,5,275,368,23.06,110.12,15.66,8.03,73.6,55,21,0
556,TM Head,10,205,20,151,2,48,81,20.5,135.76,13.25,10.12,40.5,24,3,0
557,TM Srivastava,3,8,0,11,0,0,0,2.67,72.73,0,0,0,0,2,0
558,TR Birt,5,75,11,59,0,0,0,15,127.12,18.64,0,0,0,0,0
559,TS Mills,10,8,1,14,11,218,349,0.8,57.14,7.14,9.61,31.73,19.82,1,0
560,TU Deshpande,7,21,3,12,4,153,260,3,175,25,10.2,65,38.25,2,0
561,Tilak Varma,14,397,45,313,0,12,13,28.36,126.84,14.38,6.5,130000,120000,10,0
562,U Kaul,1,0,0,1,0,0,0,0,0,0,0,0,0,2,0
563,UA Birla,1,7,1,15,0,0,0,7,46.67,6.67,0,0,0,1,0
564,UBT Chand,20,300,41,314,0,0,0,15,95.54,13.06,0,0,0,9,0
565,UT Khawaja,6,127,17,105,0,0,0,21.17,120.95,16.19,0,0,0,1,0
566,UT Yadav,132,177,23,176,135,2945,4041,1.34,100.57,13.07,8.23,29.93,21.81,32,0
567,Umar Gul,6,39,6,19,12,153,198,6.5,205.26,31.58,7.76,16.5,12.75,0,0
568,Umran Malik,17,4,0,8,24,388,551,0.24,50,0,8.52,22.96,16.17,3,0
569,V Kohli,216,6634,800,5266,4,264,371,30.71,125.98,15.19,8.43,92.75,66,93,0
570,V Pratap Singh,9,0,0,1,10,211,300,0,0,0,8.53,30,21.1,0,0
571,V Sehwag,104,2728,440,1833,6,138,236,26.23,148.83,24,10.26,39.33,23,34,0
572,V Shankar,47,731,74,616,9,258,344,15.55,118.67,12.01,8,38.22,28.67,27,0
573,VG Arora,5,5,0,14,3,110,165,1,35.71,0,9,55,36.67,1,0
574,VH Zol,2,29,4,26,0,0,0,14.5,111.54,15.38,0,0,0,0,0
575,VR Aaron,50,50,4,73,44,1065,1527,1,68.49,5.48,8.6,34.7,24.2,3,0
576,VR Iyer,22,552,75,474,3,78,117,25.09,116.46,15.82,9,39,26,11,0
577,VRV Singh,18,4,1,3,12,371,549,0.22,133.33,33.33,8.88,45.75,30.92,3,0
578,VS Malik,13,7,1,7,6,212,268,0.54,100,14.29,7.58,44.67,35.33,2,0
579,VS Yeligati,2,2,0,2,0,32,61,1,100,0,11.44,610000,320000,0,0
580,VVS Laxman,20,282,38,271,0,0,0,14.1,104.06,14.02,0,0,0,4,0
581,VY Mahesh,17,15,0,28,21,359,511,0.88,53.57,0,8.54,24.33,17.1,6,0
582,Virat Singh,2,15,1,26,0,0,0,7.5,57.69,3.85,0,0,0,2,0
583,Vishnu Vinod,3,19,2,26,0,0,0,6.33,73.08,7.69,0,0,0,0,2
584,W Jaffer,8,130,17,129,0,0,0,16.25,100.78,13.18,0,0,0,4,0
585,WA Mota,10,56,2,76,4,75,98,5.6,73.68,2.63,7.84,24.5,18.75,5,0
586,WD Parnell,26,63,5,80,26,601,731,2.42,78.75,6.25,7.3,28.12,23.12,6,0
587,WP Saha,117,2427,307,1951,0,0,0,20.74,124.4,15.74,0,0,0,79,22
588,WPUJC Vaas,13,81,5,73,18,288,364,6.23,110.96,6.85,7.58,20.22,16,0,0
589,Washington Sundar,50,318,35,278,33,928,1116,6.36,114.39,12.59,7.22,33.82,28.12,9,0
590,X Thalaivan Sargunam,1,10,0,17,0,0,0,10,58.82,0,0,0,0,0,0
591,Y Gnaneswara Rao,2,19,3,18,0,6,7,9.5,105.56,16.67,7,70000,60000,2,0
592,Y Nagar,20,285,29,271,4,72,125,14.25,105.17,10.7,10.42,31.25,18,7,0
593,Y Prithvi Raj,2,0,0,1,1,33,57,0,0,0,10.36,56.99,33,0,0
594,Y Venugopal Rao,57,985,114,865,6,222,338,17.28,113.87,13.18,9.14,56.33,37,13,0
595,YA Abdulla,11,0,0,1,15,222,311,0,0,0,8.41,20.73,14.8,0,0
596,YBK Jaiswal,23,547,84,410,0,1,6,23.78,133.41,20.49,36,60000,10000,6,0
597,YK Pathan,161,3222,424,2334,42,1184,1443,20.01,138.05,18.17,7.31,34.36,28.19,41,0
598,YS Chahal,130,37,0,89,166,2940,3699,0.28,41.57,0,7.55,22.28,17.71,21,0
599,YV Takawale,10,192,29,183,0,0,0,19.2,104.92,15.85,0,0,0,13,4
600,Yash Dayal,9,0,0,1,11,205,296,0,0,0,8.66,26.91,18.64,1,0
601,Yashpal Singh,4,47,5,67,0,0,0,11.75,70.15,7.46,0,0,0,3,0
602,Younis Khan,1,3,0,7,0,0,0,3,42.86,0,0,0,0,1,0
603,Yuvraj Singh,129,2754,367,2207,36,882,1091,21.35,124.78,16.63,7.42,30.31,24.5,29,0
604,Z Khan,99,117,13,141,102,2276,2860,1.18,82.98,9.22,7.54,28.04,22.31,20,0
